
Ques1
A) 
mysql> CREATE DATABASE Task_3;
Query OK, 1 row affected (0.01 sec)

mysql> SHOW DATABASES;
+--------------------+
| Database           |
+--------------------+
| Task_3             |
| information_schema |
| mysql              |
| performance_schema |
| sys                |
+--------------------+
5 rows in set (0.00 sec)

mysql> USE Task_3;
Database changed
mysql> CREATE TABLE expression(
    -> gene VARCHAR (7), expr_value INT (4));
Query OK, 0 rows affected, 1 warning (0.02 sec)

mysql> SHOW tables;
+------------------+
| Tables_in_Task_3 |
+------------------+
| expression       |
+------------------+
1 row in set (0.00 sec)

mysql> insert into expression
    -> (gene, expr_value) VALUES
    -> ("alr1207","8303"),
    -> ("alr2938","10323"),
    -> ("alr3395","1432"),
    ->  ("all3556","8043"),
    -> ("alr4392"," 729"),
    -> ("alr4851","633"),
    ->  ("alr5000","5732");
Query OK, 7 rows affected (0.00 sec)
Records: 7  Duplicates: 0  Warnings: 0

mysql> select * from expression;
+---------+------------+
| gene    | expr_value |
+---------+------------+
| alr1207 |       8303 |
| alr2938 |      10323 |
| alr3395 |       1432 |
| all3556 |       8043 |
| alr4392 |        729 |
| alr4851 |        633 |
| alr5000 |       5732 |
+---------+------------+
7 rows in set (0.00 sec)



B) mysql> CREATE TABLE annotation (
    -> gene VARCHAR (7),function_1 VARCHAR (30), metabolism VARCHAR(30));
Query OK, 0 rows affected (0.02 sec)

mysql> insert into annotation (gene, function_1 , metabolism ) VALUES
    -> ("alr2938","iron superoxide dismutase","Detoxification"),
    -> ("alr4392","nitrogen-responsive regulator","Nitrogen assimilation"),
    -> ("alr4851","preprotein translocase subunit","Protein and peptide secretion"),
    -> ("alr3395","adenylosuccinate lyase","Purine biosynthesis"),
    -> ("alr1207","uridylate kinase","Pyrimidine biosynthesis"),
    -> ("alr5000","CTP synthetase","Pyrimidine biosynthesis"),
    -> ("all3556","succinate-dehydrogenase","TCA cycle");
Query OK, 7 rows affected (0.00 sec)
Records: 7  Duplicates: 0  Warnings: 0

mysql> SELECT * from annotation;
+---------+--------------------------------+-------------------------------+
| gene    | function_1                     | metabolism                    |
+---------+--------------------------------+-------------------------------+
| alr2938 | iron superoxide dismutase      | Detoxification                |
| alr4392 | nitrogen-responsive regulator  | Nitrogen assimilation         |
| alr4851 | preprotein translocase subunit | Protein and peptide secretion |
| alr3395 | adenylosuccinate lyase         | Purine biosynthesis           |
| alr1207 | uridylate kinase               | Pyrimidine biosynthesis       |
| alr5000 | CTP synthetase                 | Pyrimidine biosynthesis       |
| all3556 | succinate-dehydrogenase        | TCA cycle                     |
+---------+--------------------------------+-------------------------------+
7 rows in set (0.00 sec)


C)
mysql> SELect * FROM annotation JOIN expression ON annotation.gene = expression.gene;
+---------+--------------------------------+-------------------------------+---------+------------+
| gene    | function_1                     | metabolism                    | gene    | expr_value |
+---------+--------------------------------+-------------------------------+---------+------------+
| alr1207 | uridylate kinase               | Pyrimidine biosynthesis       | alr1207 |       8303 |
| alr2938 | iron superoxide dismutase      | Detoxification                | alr2938 |      10323 |
| alr3395 | adenylosuccinate lyase         | Purine biosynthesis           | alr3395 |       1432 |
| all3556 | succinate-dehydrogenase        | TCA cycle                     | all3556 |       8043 |
| alr4392 | nitrogen-responsive regulator  | Nitrogen assimilation         | alr4392 |        729 |
| alr4851 | preprotein translocase subunit | Protein and peptide secretion | alr4851 |        633 |
| alr5000 | CTP synthetase                 | Pyrimidine biosynthesis       | alr5000 |       5732 |
+---------+--------------------------------+-------------------------------+---------+------------+
7 rows in set (0.00 sec)

D) mysql> Select metabolism,count(metabolism)as m_count FROM annotation JOIN expression ON annotation.gene = expression.gene GROUP BY metabolism having count(metabolism);
+-------------------------------+---------+
| metabolism                    | m_count |
+-------------------------------+---------+
| Pyrimidine biosynthesis       |       2 |
| Detoxification                |       1 |
| Purine biosynthesis           |       1 |
| TCA cycle                     |       1 |
| Nitrogen assimilation         |       1 |
| Protein and peptide secretion |       1 |
+-------------------------------+---------+
6 rows in set (0.00 sec)

mysql> Select metabolism,count(metabolism)as m_count FROM annotation JOIN expression ON annotation.gene = expression.gene GROUP BY metabolism having count(metabolism)>1;
+-------------------------+---------+
| metabolism              | m_count |
+-------------------------+---------+
| Pyrimidine biosynthesis |       2 |
+-------------------------+---------+
1 row in set (0.00 sec)


